{
  "name": "Project by Anderi - Reno",
  "short_name": "Project by Anderi - Reno",
  "start_url": "https://emobile.orinostudio.com/preview/index.html",
  "display": "standalone",
  "scope" : "https://emobile.orinostudio.com/preview/",
    "categories": ["multipurpose ", "ecommerce", "shopping", "blog", "delivery", "store", "wallet", "banking", "education", "distance learning", "jobs", "careers"],
    "background_color": "#ffffff",
    "theme_color": "#ff3f3f",
    "orientation": "portrait",
    "description": "eMobile - Multipurpose HTML5 Template",
    "icons": [
      {
        "src": "assets/img/favicon/favicon72.png",
        "type": "image/png", 
        "sizes": "72x72",
        "purpose": "any maskable"
      },
      {
        "src": "assets/img/favicon/favicon96.png",
        "type": "image/png", 
        "sizes": "96x96",
        "purpose": "any maskable"
      },
      {
        "src": "assets/img/favicon/favicon128.png",
        "type": "image/png",
        "sizes": "128x128",
        "purpose": "any maskable"
      },
      {
        "src": "assets/img/favicon/favicon144.png",
        "type": "image/png", 
        "sizes": "144x144",
        "purpose": "any maskable"
      },
      {
        "src": "assets/img/favicon/favicon152.png",
        "type": "image/png", 
        "sizes": "152x152",
        "purpose": "any maskable"
      },
      {
        "src": "assets/img/favicon/favicon192.png",
        "type": "image/png", 
        "sizes": "192x192",
        "purpose": "any maskable"
      },
      {
        "src": "assets/img/favicon/favicon384.png",
        "type": "image/png", 
        "sizes": "384x384",
        "purpose": "any maskable"
      },
      {
        "src": "assets/img/favicon/favicon512.png",
        "type": "image/png", 
        "sizes": "512x512",
        "purpose": "any maskable"
      }
    ]
  }